{"cameraMode":{"drawMode":0,"name":"Shaded","section":"Shading Mode"},"sceneLighting":false,"audioPlay":false,"sceneViewState":{"showFog":true,"showMaterialUpdate":false,"showSkybox":false,"showFlares":true,"showImageEffects":true,"showParticleSystems":true},"in2DMode":false,"pivot":{"x":-7.054444789886475,"y":-0.8786266446113586,"z":0.514843225479126},"rotation":{"x":-0.23663897812366486,"y":-0.14815232157707215,"z":0.03694219887256622,"w":-0.9597262740135193},"size":0.5197784304618836,"orthographic":false}