{"cameraMode":{"drawMode":0,"name":"Shaded","section":"Shading Mode"},"sceneLighting":false,"audioPlay":false,"sceneViewState":{"showFog":true,"showMaterialUpdate":false,"showSkybox":false,"showFlares":true,"showImageEffects":true,"showParticleSystems":true},"in2DMode":false,"pivot":{"x":-7.127683639526367,"y":-0.8111476898193359,"z":0.6678510904312134},"rotation":{"x":-0.23697957396507264,"y":0.14207112789154054,"z":-0.034681688994169238,"w":-0.960640013217926},"size":0.15812991559505464,"orthographic":false}